{"0.01": {"EPOCH": [0, 1, 2], "train_loss_list": [2.4868979454040527, 1.8595794439315796, 1.1730170249938965], "val_auc_list": [0.4865400712568681, 0.49321056547619047, 0.5126112494276557], "val_acc_list": [40.45, 51.449999999999996, 66.35], "val_loss_list": [2.366044759750366, 1.6796343326568604, 1.0633140802383423], "test_auc": 0.5064316657886526, "test_acc": 66.25, "test_loss": 1.0733284950256348, "best_val_auc": 0.5126112494276557, "best_val_acc": 66.35, "best_val_loss": 1.0633140802383423}, "0.02": {"EPOCH": [0, 1, 2], "train_loss_list": [0.8213154077529907, 0.5856559872627258, 0.4368955194950104], "val_auc_list": [0.5499801283931419, 0.6111065794977082, 0.6504228573808701], "val_acc_list": [77.9, 78.95, 76.14999999999999], "val_loss_list": [0.7828134894371033, 0.6598331928253174, 0.5983409285545349], "test_auc": 0.6720292289106927, "test_acc": 75.75, "test_loss": 0.5722334980964661, "best_val_auc": 0.6504228573808701, "best_val_acc": 76.14999999999999, "best_val_loss": 0.5983409285545349}, "0.05": {"EPOCH": [0, 1, 2], "train_loss_list": [0.9030401706695557, 0.48141711950302124, 0.17388035356998444], "val_auc_list": [0.6003141713999542, 0.6200669775954718, 0.6449917223762455], "val_acc_list": [71.7, 78.55, 76.4], "val_loss_list": [0.8235279321670532, 0.6589528322219849, 0.6764370203018188], "test_auc": 0.6301851937852496, "test_acc": 75.2, "test_loss": 0.7096584439277649, "best_val_auc": 0.6200669775954718, "best_val_acc": 78.55, "best_val_loss": 0.6589528322219849}, "0.1": {"EPOCH": [0, 1, 2], "train_loss_list": [1.0398999452590942, 2.917555332183838, 0.5118292570114136], "val_auc_list": [0.5900187210392762, 0.624887949580759, 0.6400845722087378], "val_acc_list": [82.39999999999999, 78.64999999999999, 67.2], "val_loss_list": [3.9961180686950684, 2.6053974628448486, 1.232493281364441], "test_auc": 0.6662238357760746, "test_acc": 70.1, "test_loss": 1.1875696182250977, "best_val_auc": 0.6400845722087378, "best_val_acc": 67.2, "best_val_loss": 1.232493281364441}, "0.2": {"EPOCH": [0, 1, 2], "train_loss_list": [0.8184475898742676, 11.361733436584473, 5.929864883422852], "val_auc_list": [0.4990998225218267, 0.5488721355858228, 0.5921914718413233], "val_acc_list": [23.75, 72.75, 82.15], "val_loss_list": [18.673433303833008, 8.16927433013916, 6.647212028503418], "test_auc": 0.5708114335085317, "test_acc": 83.85000000000001, "test_loss": 5.880317687988281, "best_val_auc": 0.5921914718413233, "best_val_acc": 82.15, "best_val_loss": 6.647212028503418}, "0.5": {"EPOCH": [0, 1, 2], "train_loss_list": [5.228765964508057, 23.05463409423828, 23.210058212280273], "val_auc_list": [0.5, 0.5, 0.5], "val_acc_list": [17.599999999999998, 17.599999999999998, 17.599999999999998], "val_loss_list": [22.767961502075195, 22.76796531677246, 22.767963409423828], "test_auc": 0.5, "test_acc": 17.65, "test_loss": 22.754148483276367, "best_val_auc": 0.5, "best_val_acc": 17.599999999999998, "best_val_loss": 22.767961502075195}}